<?xml version="1.0" encoding="UTF-8"?><rss version="2.0"
	xmlns:content="http://purl.org/rss/1.0/modules/content/"
	xmlns:wfw="http://wellformedweb.org/CommentAPI/"
	xmlns:dc="http://purl.org/dc/elements/1.1/"
	xmlns:atom="http://www.w3.org/2005/Atom"
	xmlns:sy="http://purl.org/rss/1.0/modules/syndication/"
	xmlns:slash="http://purl.org/rss/1.0/modules/slash/"
	>

<channel>
	<title>Wordpress &#8211; project_one</title>
	<atom:link href="http://localhost/sample_project/category/wordpress/feed/?simply_static_page=539" rel="self" type="application/rss+xml" />
	<link></link>
	<description></description>
	<lastBuildDate>Thu, 04 Jul 2024 04:02:42 +0000</lastBuildDate>
	<language>en-US</language>
	<sy:updatePeriod>
	hourly	</sy:updatePeriod>
	<sy:updateFrequency>
	1	</sy:updateFrequency>
	<generator>https://wordpress.org/?v=6.5.5</generator>
	<item>
		<title>7 Best Free Website Builders</title>
		<link>/2024/07/04/7-best-free-website-builders/</link>
					<comments>/2024/07/04/7-best-free-website-builders/#respond</comments>
		
		<dc:creator><![CDATA[sampada]]></dc:creator>
		<pubDate>Thu, 04 Jul 2024 04:02:42 +0000</pubDate>
				<category><![CDATA[Wordpress]]></category>
		<guid isPermaLink="false">/?p=319</guid>

					<description><![CDATA[1. Wix 2. Weebly 3. WordPress.com 4. Google Sites 5. Jimdo 6. Strikingly 7. Webnode]]></description>
										<content:encoded><![CDATA[
<h4 class="wp-block-heading">1. <strong>Wix</strong></h4>



<ul>
<li><strong>Features:</strong> Wix offers a drag-and-drop editor, a variety of templates, and a free plan with Wix-branded subdomain and ads.</li>



<li><strong>Ease of Use:</strong> Its intuitive interface makes it easy for beginners to create professional-looking websites.</li>



<li><strong>Customization:</strong> Offers extensive customization options, including animations and background videos.</li>
</ul>



<h4 class="wp-block-heading">2. <strong>Weebly</strong></h4>



<ul>
<li><strong>Features:</strong> Weebly provides a simple drag-and-drop interface, responsive themes, and a free plan with a Weebly-branded domain and ads.</li>



<li><strong>E-commerce:</strong> Basic e-commerce functionality is available on the free plan, making it suitable for small online stores.</li>



<li><strong>SEO Tools:</strong> Includes built-in SEO tools to help improve your site&#8217;s search engine rankings.</li>
</ul>



<h4 class="wp-block-heading">3. <strong>WordPress.com</strong></h4>



<ul>
<li><strong>Features:</strong> WordPress.com offers a powerful blogging platform with a variety of themes and customization options. The free plan includes a WordPress.com subdomain and ads.</li>



<li><strong>Flexibility:</strong> Ideal for bloggers and small businesses looking for a robust content management system.</li>



<li><strong>Community:</strong> Access to a large community of users and developers for support and additional plugins.</li>
</ul>



<h4 class="wp-block-heading">4. <strong>Google Sites</strong></h4>



<ul>
<li><strong>Features:</strong> Google Sites offers a straightforward, drag-and-drop interface and integration with other Google services like Drive, Calendar, and Maps.</li>



<li><strong>Ease of Use:</strong> Perfect for simple websites, internal business sites, and collaborative projects.</li>



<li><strong>No Ads:</strong> Free from ads, providing a clean, professional look.</li>
</ul>



<h4 class="wp-block-heading">5. <strong>Jimdo</strong></h4>



<ul>
<li><strong>Features:</strong> Jimdo provides an AI-powered website builder, responsive templates, and a free plan with a Jimdo-branded subdomain and ads.</li>



<li><strong>Ease of Use:</strong> The AI-based approach simplifies the website creation process by asking a few questions to generate a site tailored to your needs.</li>



<li><strong>E-commerce:</strong> Includes basic e-commerce capabilities even on the free plan.</li>
</ul>



<h4 class="wp-block-heading">6. <strong>Strikingly</strong></h4>



<ul>
<li><strong>Features:</strong> Strikingly specializes in one-page websites, offering a free plan with a Strikingly-branded domain and limited features.</li>



<li><strong>Ease of Use:</strong> The simple editor is great for creating sleek, single-page websites quickly.</li>



<li><strong>Mobile Optimization:</strong> Sites are automatically optimized for mobile devices.</li>
</ul>



<h4 class="wp-block-heading">7. <strong>Webnode</strong></h4>



<ul>
<li><strong>Features:</strong> Webnode provides an easy-to-use editor, a variety of templates, and a free plan with a Webnode-branded domain and limited storage.</li>



<li><strong>Multilingual Support:</strong> Excellent for creating multilingual websites with support for multiple languages.</li>



<li><strong>Custom Domains:</strong> Allows connecting your own domain name even on the free plan, though additional features require a premium upgrade.</li>
</ul>
]]></content:encoded>
					
					<wfw:commentRss>/2024/07/04/7-best-free-website-builders/feed/</wfw:commentRss>
			<slash:comments>0</slash:comments>
		
		
			</item>
		<item>
		<title>Why you should focus on speeding up wordpress?</title>
		<link>/2024/07/04/why-you-should-focus-on-speeding-up-wordpress/</link>
					<comments>/2024/07/04/why-you-should-focus-on-speeding-up-wordpress/#respond</comments>
		
		<dc:creator><![CDATA[sampada]]></dc:creator>
		<pubDate>Thu, 04 Jul 2024 03:57:22 +0000</pubDate>
				<category><![CDATA[Wordpress]]></category>
		<guid isPermaLink="false">/?p=317</guid>

					<description><![CDATA[1. Improved User Experience 2. Better Search Engine Rankings 3. Higher Conversion Rates 4. Reduced Bounce Rate 5. Enhanced Mobile Experience 6. SEO Benefits 7. Lower Hosting Costs 8. Better Performance During Traffic Spikes 9. Positive Brand Perception 10. Improved Core Web Vitals]]></description>
										<content:encoded><![CDATA[
<h4 class="wp-block-heading">1. <strong>Improved User Experience</strong></h4>



<ul>
<li><strong>Bounce Rate:</strong> Slow-loading websites frustrate users, leading to higher bounce rates. Visitors are likely to abandon a site if it takes longer than three seconds to load.</li>



<li><strong>Engagement:</strong> Faster websites keep users engaged, encouraging them to explore more pages and spend more time on your site.</li>
</ul>



<h4 class="wp-block-heading">2. <strong>Better Search Engine Rankings</strong></h4>



<ul>
<li><strong>SEO:</strong> Page speed is a critical factor in Google&#8217;s ranking algorithm. Faster websites are more likely to rank higher in search engine results.</li>



<li><strong>Mobile-First Indexing:</strong> With Google’s mobile-first indexing, the speed of your mobile site significantly impacts your overall search engine ranking.</li>
</ul>



<h4 class="wp-block-heading">3. <strong>Higher Conversion Rates</strong></h4>



<ul>
<li><strong>Sales:</strong> Faster websites lead to higher conversion rates. If your site is an e-commerce platform, a faster load time can directly impact sales and revenue.</li>



<li><strong>Lead Generation:</strong> For sites focused on generating leads, speed can affect the likelihood of visitors filling out forms or contacting you.</li>
</ul>



<h4 class="wp-block-heading">4. <strong>Reduced Bounce Rate</strong></h4>



<ul>
<li><strong>First Impressions:</strong> Your website&#8217;s speed can influence a visitor’s first impression of your brand. A slow site can suggest a lack of professionalism and drive visitors away.</li>



<li><strong>Retention:</strong> Speedy websites encourage visitors to return, enhancing user retention and loyalty.</li>
</ul>



<h4 class="wp-block-heading">5. <strong>Enhanced Mobile Experience</strong></h4>



<ul>
<li><strong>Mobile Users:</strong> With an increasing number of users accessing websites via mobile devices, a fast-loading mobile site is essential for a positive user experience.</li>



<li><strong>Responsive Design:</strong> Speed optimizations ensure that your site performs well across various devices and screen sizes.</li>
</ul>



<h4 class="wp-block-heading">6. <strong>SEO Benefits</strong></h4>



<ul>
<li><strong>Page Experience:</strong> Google’s Page Experience update includes metrics like Largest Contentful Paint (LCP), First Input Delay (FID), and Cumulative Layout Shift (CLS), which are directly related to speed.</li>



<li><strong>Competitive Edge:</strong> A faster site can give you an edge over competitors with slower sites, potentially leading to higher organic traffic.</li>
</ul>



<h4 class="wp-block-heading">7. <strong>Lower Hosting Costs</strong></h4>



<ul>
<li><strong>Resource Efficiency:</strong> Faster websites often use server resources more efficiently, leading to lower hosting costs.</li>



<li><strong>Scalability:</strong> Optimized sites can handle more traffic without requiring significant upgrades to your hosting plan.</li>
</ul>



<h4 class="wp-block-heading">8. <strong>Better Performance During Traffic Spikes</strong></h4>



<ul>
<li><strong>Reliability:</strong> A fast and optimized site is more likely to perform well during traffic spikes, ensuring consistent user experience even during high demand periods.</li>



<li><strong>Downtime Reduction:</strong> Speed optimizations can help prevent server overloads, reducing the risk of downtime.</li>
</ul>



<h4 class="wp-block-heading">9. <strong>Positive Brand Perception</strong></h4>



<ul>
<li><strong>Professionalism:</strong> A fast-loading site conveys professionalism and reliability, positively affecting how users perceive your brand.</li>



<li><strong>Trust:</strong> Users are more likely to trust and recommend a site that performs well, leading to word-of-mouth referrals and increased brand loyalty.</li>
</ul>



<h4 class="wp-block-heading">10. <strong>Improved Core Web Vitals</strong></h4>



<ul>
<li><strong>Metrics:</strong> Core Web Vitals are a set of metrics that Google uses to evaluate the overall user experience of a website. Improving speed directly impacts these metrics.</li>



<li><strong>User Satisfaction:</strong> Enhancing Core Web Vitals leads to better user satisfaction, which can contribute to higher engagement and retention rates.</li>
</ul>
]]></content:encoded>
					
					<wfw:commentRss>/2024/07/04/why-you-should-focus-on-speeding-up-wordpress/feed/</wfw:commentRss>
			<slash:comments>0</slash:comments>
		
		
			</item>
	</channel>
</rss>
