<?xml version="1.0" encoding="UTF-8"?><rss version="2.0"
	xmlns:content="http://purl.org/rss/1.0/modules/content/"
	xmlns:wfw="http://wellformedweb.org/CommentAPI/"
	xmlns:dc="http://purl.org/dc/elements/1.1/"
	xmlns:atom="http://www.w3.org/2005/Atom"
	xmlns:sy="http://purl.org/rss/1.0/modules/syndication/"
	xmlns:slash="http://purl.org/rss/1.0/modules/slash/"
	>

<channel>
	<title>Business &#8211; project_one</title>
	<atom:link href="http://localhost/sample_project/category/business/feed/?simply_static_page=543" rel="self" type="application/rss+xml" />
	<link></link>
	<description></description>
	<lastBuildDate>Thu, 04 Jul 2024 03:50:40 +0000</lastBuildDate>
	<language>en-US</language>
	<sy:updatePeriod>
	hourly	</sy:updatePeriod>
	<sy:updateFrequency>
	1	</sy:updateFrequency>
	<generator>https://wordpress.org/?v=6.5.5</generator>
	<item>
		<title>Freelancing Tips for 2024</title>
		<link>/2024/07/04/freelancing-tips-for-2024/</link>
					<comments>/2024/07/04/freelancing-tips-for-2024/#respond</comments>
		
		<dc:creator><![CDATA[sampada]]></dc:creator>
		<pubDate>Thu, 04 Jul 2024 03:50:40 +0000</pubDate>
				<category><![CDATA[Business]]></category>
		<guid isPermaLink="false">/?p=309</guid>

					<description><![CDATA[1. Leverage AI and Automation 2. Expand Your Skill Set 3. Build a Strong Online Presence 4. Network and Collaborate 5. Prioritize Client Relationships 6. Set Clear Boundaries 7. Financial Management 8. Stay Updated with Industry Trends 9. Enhance Client Acquisition Strategies 10. Focus on Personal Branding]]></description>
										<content:encoded><![CDATA[
<h4 class="wp-block-heading">1. <strong>Leverage AI and Automation</strong></h4>



<ul>
<li><strong>Tools:</strong> Use AI tools for time management, content generation, and customer service. Tools like ChatGPT, Grammarly, and automation software can help streamline your workflow.</li>



<li><strong>Productivity:</strong> Automate repetitive tasks to focus on more critical aspects of your work.</li>
</ul>



<h4 class="wp-block-heading">2. <strong>Expand Your Skill Set</strong></h4>



<ul>
<li><strong>Upskilling:</strong> Stay updated with the latest trends in your field. Platforms like Coursera, Udemy, and LinkedIn Learning offer courses in various domains.</li>



<li><strong>Diversification:</strong> Learn complementary skills that can broaden your service offerings. For instance, a graphic designer could learn web development.</li>
</ul>



<h4 class="wp-block-heading">3. <strong>Build a Strong Online Presence</strong></h4>



<ul>
<li><strong>Portfolio:</strong> Maintain an updated and professional online portfolio showcasing your best work. Websites like Behance, Dribbble, and GitHub are excellent for different fields.</li>



<li><strong>Social Media:</strong> Engage with your audience on platforms like LinkedIn, Twitter, and Instagram. Share your insights, projects, and industry news.</li>
</ul>



<h4 class="wp-block-heading">4. <strong>Network and Collaborate</strong></h4>



<ul>
<li><strong>Communities:</strong> Join freelance communities and forums like Freelancers Union, Reddit, and specialized Slack groups to share experiences and find opportunities.</li>



<li><strong>Collaboration:</strong> Partner with other freelancers to take on larger projects or to offer bundled services.</li>
</ul>



<h4 class="wp-block-heading">5. <strong>Prioritize Client Relationships</strong></h4>



<ul>
<li><strong>Communication:</strong> Maintain clear and consistent communication with clients. Tools like Trello, Asana, and Slack can help manage projects and communication effectively.</li>



<li><strong>Feedback:</strong> Seek and act on feedback. It shows clients that you value their opinions and are committed to improvement.</li>
</ul>



<h4 class="wp-block-heading">6. <strong>Set Clear Boundaries</strong></h4>



<figure class="wp-block-image size-full is-resized"><img fetchpriority="high" decoding="async" width="587" height="570" src="/wp-content/uploads/2024/07/banner_img.png" alt="" class="wp-image-58" style="width:505px;height:auto"/></figure>



<ul>
<li><strong>Work-Life Balance:</strong> Establish clear boundaries between work and personal time. Set specific working hours and stick to them.</li>



<li><strong>Contracts:</strong> Use detailed contracts to set expectations regarding deliverables, timelines, and payment terms. This helps prevent misunderstandings.</li>
</ul>



<h4 class="wp-block-heading">7. <strong>Financial Management</strong></h4>



<ul>
<li><strong>Budgeting:</strong> Keep track of your income and expenses. Tools like QuickBooks, FreshBooks, and Wave can help manage your finances.</li>



<li><strong>Savings:</strong> Set aside a portion of your earnings for taxes and emergencies. Consider investing in a retirement plan.</li>
</ul>



<h4 class="wp-block-heading">8. <strong>Stay Updated with Industry Trends</strong></h4>



<ul>
<li><strong>Newsletters:</strong> Subscribe to industry newsletters and blogs to stay informed about the latest trends and developments.</li>



<li><strong>Events:</strong> Attend webinars, conferences, and workshops to network and learn from industry leaders.</li>
</ul>



<h4 class="wp-block-heading">9. <strong>Enhance Client Acquisition Strategies</strong></h4>



<ul>
<li><strong>Cold Pitching:</strong> Refine your cold pitching techniques. Personalize your messages and demonstrate how you can add value to potential clients.</li>



<li><strong>Freelance Platforms:</strong> Utilize platforms like Upwork, Fiverr, and Toptal to find new clients and projects.</li>
</ul>



<h4 class="wp-block-heading">10. <strong>Focus on Personal Branding</strong></h4>



<ul>
<li><strong>Unique Selling Proposition:</strong> Identify and highlight what sets you apart from other freelancers.</li>



<li><strong>Consistency:</strong> Ensure consistency in your branding across all platforms, including your website, social media, and email communications.</li>
</ul>
]]></content:encoded>
					
					<wfw:commentRss>/2024/07/04/freelancing-tips-for-2024/feed/</wfw:commentRss>
			<slash:comments>0</slash:comments>
		
		
			</item>
	</channel>
</rss>
