<?xml version="1.0" encoding="UTF-8"?><rss version="2.0"
	xmlns:content="http://purl.org/rss/1.0/modules/content/"
	xmlns:dc="http://purl.org/dc/elements/1.1/"
	xmlns:atom="http://www.w3.org/2005/Atom"
	xmlns:sy="http://purl.org/rss/1.0/modules/syndication/"
	
	>
<channel>
	<title>
	Comments on: Freelancing Tips for 2024	</title>
	<atom:link href="http://localhost/sample_project/2024/07/04/freelancing-tips-for-2024/feed/?simply_static_page=517" rel="self" type="application/rss+xml" />
	<link>/2024/07/04/freelancing-tips-for-2024/</link>
	<description></description>
	<lastBuildDate>Thu, 04 Jul 2024 03:50:40 +0000</lastBuildDate>
	<sy:updatePeriod>
	hourly	</sy:updatePeriod>
	<sy:updateFrequency>
	1	</sy:updateFrequency>
	<generator>https://wordpress.org/?v=6.5.5</generator>
</channel>
</rss>
