<?xml version="1.0" encoding="UTF-8"?><rss version="2.0"
	xmlns:content="http://purl.org/rss/1.0/modules/content/"
	xmlns:dc="http://purl.org/dc/elements/1.1/"
	xmlns:atom="http://www.w3.org/2005/Atom"
	xmlns:sy="http://purl.org/rss/1.0/modules/syndication/"
	
	>
<channel>
	<title>
	Comments on: Why you should focus on speeding up wordpress?	</title>
	<atom:link href="http://localhost/sample_project/2024/07/04/why-you-should-focus-on-speeding-up-wordpress/feed/?simply_static_page=516" rel="self" type="application/rss+xml" />
	<link>/2024/07/04/why-you-should-focus-on-speeding-up-wordpress/</link>
	<description></description>
	<lastBuildDate>Thu, 04 Jul 2024 03:58:30 +0000</lastBuildDate>
	<sy:updatePeriod>
	hourly	</sy:updatePeriod>
	<sy:updateFrequency>
	1	</sy:updateFrequency>
	<generator>https://wordpress.org/?v=6.5.5</generator>
</channel>
</rss>
